{"nm":"Unicorn","ddd":0,"h":512,"w":512,"meta":{"g":"@lottiefiles/toolkit-js 0.33.2"},"layers":[{"ty":4,"nm":"Stars","sr":1,"st":0,"op":90,"ip":0,"hd":false,"ddd":0,"bm":0,"hasMask":false,"ao":0,"ks":{"a":{"a":0,"k":[227.025,102.611,0],"ix":1},"s":{"a":0,"k":[100,100,100],"ix":6},"sk":{"a":0,"k":0},"p":{"a":0,"k":[250.461,134.715,0],"ix":2},"r":{"a":0,"k":0,"ix":10},"sa":{"a":0,"k":0},"o":{"a":0,"k":100,"ix":11}},"ef":[],"shapes":[{"ty":"gr","bm":0,"hd":false,"mn":"ADBE Vector Group","nm":"Group 1","ix":1,"cix":2,"np":3,"it":[{"ty":"sh","bm":0,"hd":false,"mn":"ADBE Vector Shape - Group","nm":"Path 1","ix":1,"d":1,"ks":{"a":0,"k":{"c":true,"i":[[0,0],[0.78,-10.302],[10.182,-2.641],[3.741,9.002],[-8.245,5.77],[-8.592,-4.433]],"o":[[-9.391,2.517],[-5.518,-7.569],[6.601,-7.082],[9.535,4.917],[-1.496,9.414],[0.936,0.755]],"v":[[19.817,2.666],[2.036,19.863],[-19.817,8.757],[-16.098,-15.348],[8.404,-19.863],[18.273,1.423]]},"ix":2}},{"ty":"st","bm":0,"hd":false,"mn":"ADBE Vector Graphic - Stroke","nm":"Stroke 1","lc":1,"lj":2,"ml":1,"o":{"a":0,"k":100,"ix":4},"w":{"a":0,"k":5,"ix":5},"c":{"a":0,"k":[0.6196,0.1373,0.1373],"ix":3}},{"ty":"fl","bm":0,"hd":false,"mn":"ADBE Vector Graphic - Fill","nm":"Fill 1","c":{"a":0,"k":[0.3882,1,0.3961],"ix":4},"r":1,"o":{"a":0,"k":100,"ix":5}},{"ty":"tr","a":{"a":0,"k":[0,0],"ix":1},"s":{"a":1,"k":[{"o":{"x":0.333,"y":0},"i":{"x":0.833,"y":0.833},"s":[100,100],"t":10},{"o":{"x":0.167,"y":0.167},"i":{"x":0.667,"y":1},"s":[0,0],"t":16},{"o":{"x":0.167,"y":0.167},"i":{"x":0.833,"y":0.833},"s":[100,100],"t":26},{"o":{"x":0.333,"y":0},"i":{"x":0.833,"y":0.833},"s":[100,100],"t":42},{"o":{"x":0.167,"y":0.167},"i":{"x":0.667,"y":1},"s":[0,0],"t":49},{"s":[100,100],"t":65}],"ix":3},"sk":{"a":0,"k":0,"ix":4},"p":{"a":0,"k":[126.601,32.363],"ix":2},"r":{"a":1,"k":[{"o":{"x":0.333,"y":0},"i":{"x":0.833,"y":0.833},"s":[0],"t":10},{"o":{"x":0.167,"y":0.167},"i":{"x":0.667,"y":1},"s":[-15],"t":16},{"o":{"x":0.167,"y":0.167},"i":{"x":0.833,"y":0.833},"s":[0],"t":26},{"o":{"x":0.333,"y":0},"i":{"x":0.833,"y":0.833},"s":[0],"t":42},{"o":{"x":0.167,"y":0.167},"i":{"x":0.667,"y":1},"s":[-15],"t":49},{"s":[0],"t":65}],"ix":6},"sa":{"a":0,"k":0,"ix":5},"o":{"a":0,"k":100,"ix":7}}]},{"ty":"gr","bm":0,"hd":false,"mn":"ADBE Vector Group","nm":"Group 2","ix":2,"cix":2,"np":3,"it":[{"ty":"sh","bm":0,"hd":false,"mn":"ADBE Vector Shape - Group","nm":"Path 1","ix":1,"d":1,"ks":{"a":0,"k":{"c":true,"i":[[0,0],[-12.052,-4.44],[-8.247,10.15],[8.247,8.88],[10.784,-6.343],[-0.575,-12.005]],"o":[[7.697,-9.32],[-5.709,-10.149],[-11.418,3.806],[0.634,13.321],[11.418,3.172],[0.371,1.45]],"v":[[-4.525,24.958],[24.105,13.736],[22.837,-16.712],[-6.344,-24.958],[-24.105,0.415],[-5.135,22.569]]},"ix":2}},{"ty":"st","bm":0,"hd":false,"mn":"ADBE Vector Graphic - Stroke","nm":"Stroke 1","lc":1,"lj":2,"ml":1,"o":{"a":0,"k":100,"ix":4},"w":{"a":0,"k":5,"ix":5},"c":{"a":0,"k":[0.3647,0.0549,0.4392],"ix":3}},{"ty":"fl","bm":0,"hd":false,"mn":"ADBE Vector Graphic - Fill","nm":"Fill 1","c":{"a":0,"k":[0.8314,0.7922,0.9882],"ix":4},"r":1,"o":{"a":0,"k":100,"ix":5}},{"ty":"tr","a":{"a":0,"k":[0,0],"ix":1},"s":{"a":1,"k":[{"o":{"x":0.333,"y":0},"i":{"x":0.833,"y":0.833},"s":[100,100],"t":6},{"o":{"x":0.167,"y":0.167},"i":{"x":0.667,"y":1},"s":[0,0],"t":12},{"o":{"x":0.167,"y":0.167},"i":{"x":0.833,"y":0.833},"s":[100,100],"t":22},{"o":{"x":0.333,"y":0},"i":{"x":0.833,"y":0.833},"s":[100,100],"t":33},{"o":{"x":0.167,"y":0.167},"i":{"x":0.667,"y":1},"s":[0,0],"t":40},{"s":[100,100],"t":56}],"ix":3},"sk":{"a":0,"k":0,"ix":4},"p":{"a":0,"k":[36.604,167.764],"ix":2},"r":{"a":1,"k":[{"o":{"x":0.333,"y":0},"i":{"x":0.833,"y":0.833},"s":[0],"t":6},{"o":{"x":0.167,"y":0.167},"i":{"x":0.667,"y":1},"s":[-15],"t":12},{"o":{"x":0.167,"y":0.167},"i":{"x":0.833,"y":0.833},"s":[0],"t":22},{"o":{"x":0.333,"y":0},"i":{"x":0.833,"y":0.833},"s":[0],"t":33},{"o":{"x":0.167,"y":0.167},"i":{"x":0.667,"y":1},"s":[-15],"t":40},{"s":[0],"t":56}],"ix":6},"sa":{"a":0,"k":0,"ix":5},"o":{"a":0,"k":100,"ix":7}}]},{"ty":"gr","bm":0,"hd":false,"mn":"ADBE Vector Group","nm":"Group 3","ix":3,"cix":2,"np":3,"it":[{"ty":"sh","bm":0,"hd":false,"mn":"ADBE Vector Shape - Group","nm":"Path 1","ix":1,"d":1,"ks":{"a":0,"k":{"c":true,"i":[[0,0],[15.692,-5.782],[10.736,13.214],[-10.736,11.563],[-14.04,-8.259],[0.748,-15.63]],"o":[[-10.021,-12.134],[7.433,-13.215],[14.866,4.955],[-0.825,17.344],[-14.865,4.129],[-0.482,1.887]],"v":[[5.892,32.495],[-31.384,17.885],[-29.732,-21.758],[8.259,-32.495],[31.384,0.541],[6.686,29.385]]},"ix":2}},{"ty":"st","bm":0,"hd":false,"mn":"ADBE Vector Graphic - Stroke","nm":"Stroke 1","lc":1,"lj":2,"ml":1,"o":{"a":0,"k":100,"ix":4},"w":{"a":0,"k":5,"ix":5},"c":{"a":0,"k":[0.6471,0.298,0.0588],"ix":3}},{"ty":"fl","bm":0,"hd":false,"mn":"ADBE Vector Graphic - Fill","nm":"Fill 1","c":{"a":0,"k":[1,0.7529,0.2902],"ix":4},"r":1,"o":{"a":0,"k":100,"ix":5}},{"ty":"tr","a":{"a":0,"k":[0,0],"ix":1},"s":{"a":1,"k":[{"o":{"x":0.333,"y":0},"i":{"x":0.833,"y":0.833},"s":[100,100],"t":0},{"o":{"x":0.167,"y":0.167},"i":{"x":0.667,"y":1},"s":[0,0],"t":6.75},{"o":{"x":0.167,"y":0.167},"i":{"x":0.833,"y":0.833},"s":[100,100],"t":13.75},{"o":{"x":0.333,"y":0},"i":{"x":0.833,"y":0.833},"s":[100,100],"t":26},{"o":{"x":0.167,"y":0.167},"i":{"x":0.667,"y":1},"s":[0,0],"t":32.75},{"s":[100,100],"t":46}],"ix":3},"sk":{"a":0,"k":0,"ix":4},"p":{"a":0,"k":[410.167,103.538],"ix":2},"r":{"a":1,"k":[{"o":{"x":0.333,"y":0},"i":{"x":0.833,"y":0.833},"s":[0],"t":0},{"o":{"x":0.167,"y":0.167},"i":{"x":0.667,"y":1},"s":[-15],"t":6.75},{"o":{"x":0.167,"y":0.167},"i":{"x":0.833,"y":0.833},"s":[0],"t":13.75},{"o":{"x":0.333,"y":0},"i":{"x":0.833,"y":0.833},"s":[0],"t":26},{"o":{"x":0.167,"y":0.167},"i":{"x":0.667,"y":1},"s":[-15],"t":32.75},{"s":[0],"t":46}],"ix":6},"sa":{"a":0,"k":0,"ix":5},"o":{"a":0,"k":100,"ix":7}}]}],"ind":1},{"ty":4,"nm":"Head outline","sr":1,"st":0,"op":90,"ip":0,"hd":false,"ddd":0,"bm":0,"hasMask":false,"ao":0,"ks":{"a":{"a":0,"k":[177.852,146.569,0],"ix":1},"s":{"a":0,"k":[100,100,100],"ix":6},"sk":{"a":0,"k":0},"p":{"a":0,"k":[251.645,247.314,0],"ix":2},"r":{"a":0,"k":0,"ix":10},"sa":{"a":0,"k":0},"o":{"a":0,"k":100,"ix":11}},"ef":[],"shapes":[{"ty":"gr","bm":0,"hd":false,"mn":"ADBE Vector Group","nm":"Group 1","ix":1,"cix":2,"np":2,"it":[{"ty":"sh","bm":0,"hd":false,"mn":"ADBE Vector Shape - Group","nm":"Path 1","ix":1,"d":1,"ks":{"a":1,"k":[{"o":{"x":0.167,"y":0.167},"i":{"x":0.667,"y":1},"s":[{"c":true,"i":[[19.938,39.877],[15.349,19.368],[3.848,16.053],[13.65,-7.943],[0,0],[0,0],[12.02,0],[13.749,-2.091],[0,0],[25.553,14.85],[3.904,-15.828],[-13.228,-37.615],[4.734,-9.467],[-30.252,-21.313],[-41.252,0],[-27.426,19.323]],"o":[[-4.733,-9.467],[13.183,-37.5],[-3.871,-15.936],[-25.573,14.748],[0,0],[-13.75,-2.091],[-12.02,0],[0,0],[0,0],[-13.91,-8.05],[-3.895,15.866],[-15.602,19.667],[-19.938,39.877],[27.426,19.323],[41.252,0],[30.251,-21.313]],"v":[[145.414,16.501],[110.892,-33.077],[115.714,-116.723],[90.55,-121.309],[41.408,-82.905],[40.559,-83.027],[0,-85.941],[-40.557,-83.027],[-41.409,-82.867],[-90.522,-121.326],[-115.704,-116.669],[-110.901,-33.113],[-145.413,16.501],[-127.537,99.692],[0,134.069],[127.538,99.692]]}],"t":0},{"o":{"x":0.333,"y":0},"i":{"x":0.667,"y":1},"s":[{"c":true,"i":[[19.938,39.877],[8.476,11.213],[-3.62,22.941],[11.069,-1.683],[0,0],[0,0],[12.02,0],[13.749,-2.091],[0,0],[28.67,7.348],[-2.11,-16.206],[-18.767,-33.287],[4.734,-9.467],[-30.252,-21.313],[-41.252,0],[-27.426,19.323]],"o":[[-4.733,-9.467],[17.476,-30.037],[3.037,-19.25],[-29.259,4.45],[0,0],[-13.75,-2.091],[-12.02,0],[0,0],[0,0],[-18.389,-4.713],[2.3,17.661],[-15.602,19.667],[-19.938,39.877],[27.426,19.323],[41.252,0],[30.251,-21.313]],"v":[[145.414,16.501],[124.879,-14.027],[149.474,-75.005],[131.785,-92.131],[69.621,-76.003],[40.559,-83.027],[0,-85.941],[-40.557,-83.027],[-69.622,-74.909],[-131.006,-92.601],[-149.195,-73.475],[-125.128,-15.027],[-145.413,16.501],[-127.537,99.692],[0,134.069],[127.538,99.692]]}],"t":31},{"s":[{"c":true,"i":[[19.938,39.877],[15.587,19.651],[4.107,15.814],[13.74,-8.16],[0,0],[0,0],[12.02,0],[13.749,-2.091],[0,0],[25.445,15.111],[4.113,-15.815],[-13.036,-37.765],[4.734,-9.467],[-30.252,-21.313],[-41.252,0],[-27.426,19.323]],"o":[[-4.733,-9.467],[13.034,-37.759],[-4.111,-15.821],[-25.445,15.105],[0,0],[-13.75,-2.091],[-12.02,0],[0,0],[0,0],[-13.754,-8.166],[-4.11,15.804],[-15.602,19.667],[-19.938,39.877],[27.426,19.323],[41.252,0],[30.251,-21.313]],"v":[[145.414,16.501],[110.407,-33.739],[114.542,-118.171],[89.118,-122.322],[40.428,-83.145],[40.559,-83.027],[0,-85.941],[-40.557,-83.027],[-40.429,-83.143],[-89.117,-122.323],[-114.542,-118.168],[-110.407,-33.741],[-145.413,16.501],[-127.537,99.692],[0,134.069],[127.538,99.692]]}],"t":70}],"ix":2}},{"ty":"st","bm":0,"hd":false,"mn":"ADBE Vector Graphic - Stroke","nm":"Stroke 1","lc":1,"lj":1,"ml":10,"o":{"a":0,"k":100,"ix":4},"w":{"a":0,"k":5,"ix":5},"c":{"a":0,"k":[0.6471,0.298,0.0588],"ix":3}},{"ty":"tr","a":{"a":0,"k":[0,0],"ix":1},"s":{"a":0,"k":[100,100],"ix":3},"sk":{"a":0,"k":0,"ix":4},"p":{"a":0,"k":[177.852,146.569],"ix":2},"r":{"a":0,"k":0,"ix":6},"sa":{"a":0,"k":0,"ix":5},"o":{"a":0,"k":100,"ix":7}}]}],"ind":2},{"ty":4,"nm":"Left eyebrow","sr":1,"st":0,"op":90,"ip":0,"hd":false,"ddd":0,"bm":0,"hasMask":false,"ao":0,"ks":{"a":{"a":0,"k":[14.899,12.667,0],"ix":1},"s":{"a":0,"k":[100,100,100],"ix":6},"sk":{"a":0,"k":0},"p":{"a":1,"k":[{"o":{"x":0.167,"y":0.167},"i":{"x":0.667,"y":1},"s":[186.557,213.293,0],"t":0,"ti":[0,0,0],"to":[0,0,0]},{"o":{"x":0.333,"y":0},"i":{"x":0.667,"y":1},"s":[181.557,219.543,0],"t":31,"ti":[0,0,0],"to":[0,0,0]},{"s":[186.557,213.293,0],"t":70}],"ix":2},"r":{"a":1,"k":[{"o":{"x":0.167,"y":0.167},"i":{"x":0.667,"y":1},"s":[0],"t":0},{"o":{"x":0.333,"y":0},"i":{"x":0.667,"y":1},"s":[10],"t":31},{"s":[0],"t":70}],"ix":10},"sa":{"a":0,"k":0},"o":{"a":0,"k":100,"ix":11}},"ef":[],"shapes":[{"ty":"gr","bm":0,"hd":false,"mn":"ADBE Vector Group","nm":"Group 1","ix":1,"cix":2,"np":2,"it":[{"ty":"sh","bm":0,"hd":false,"mn":"ADBE Vector Shape - Group","nm":"Path 1","ix":1,"d":1,"ks":{"a":0,"k":{"c":true,"i":[[-6.373,4.565],[-2.162,-4.074],[4.911,6.11]],"o":[[5.7,-4.083],[4.877,9.19],[-2.724,-3.389]],"v":[[-4.316,-6.783],[9.772,-8.343],[-11.925,6.308]]},"ix":2}},{"ty":"fl","bm":0,"hd":false,"mn":"ADBE Vector Graphic - Fill","nm":"Fill 1","c":{"a":0,"k":[1,0.9608,0.8588],"ix":4},"r":1,"o":{"a":0,"k":100,"ix":5}},{"ty":"tr","a":{"a":0,"k":[0,0],"ix":1},"s":{"a":0,"k":[100,100],"ix":3},"sk":{"a":0,"k":0,"ix":4},"p":{"a":0,"k":[14.899,12.668],"ix":2},"r":{"a":0,"k":0,"ix":6},"sa":{"a":0,"k":0,"ix":5},"o":{"a":0,"k":100,"ix":7}}]}],"ind":3},{"ty":4,"nm":"Right eyebrow","sr":1,"st":0,"op":90,"ip":0,"hd":false,"ddd":0,"bm":0,"hasMask":false,"ao":0,"ks":{"a":{"a":0,"k":[14.899,12.667,0],"ix":1},"s":{"a":0,"k":[100,100,100],"ix":6},"sk":{"a":0,"k":0},"p":{"a":1,"k":[{"o":{"x":0.167,"y":0.167},"i":{"x":0.667,"y":1},"s":[316.733,213.293,0],"t":0,"ti":[0,0,0],"to":[0,0,0]},{"o":{"x":0.333,"y":0},"i":{"x":0.667,"y":1},"s":[321.733,219.543,0],"t":31,"ti":[0,0,0],"to":[0,0,0]},{"s":[316.733,213.293,0],"t":70}],"ix":2},"r":{"a":1,"k":[{"o":{"x":0.167,"y":0.167},"i":{"x":0.667,"y":1},"s":[0],"t":0},{"o":{"x":0.333,"y":0},"i":{"x":0.667,"y":1},"s":[-10],"t":31},{"s":[0],"t":70}],"ix":10},"sa":{"a":0,"k":0},"o":{"a":0,"k":100,"ix":11}},"ef":[],"shapes":[{"ty":"gr","bm":0,"hd":false,"mn":"ADBE Vector Group","nm":"Group 1","ix":1,"cix":2,"np":2,"it":[{"ty":"sh","bm":0,"hd":false,"mn":"ADBE Vector Shape - Group","nm":"Path 1","ix":1,"d":1,"ks":{"a":0,"k":{"c":true,"i":[[6.372,4.565],[2.162,-4.074],[-4.911,6.11]],"o":[[-5.7,-4.083],[-4.877,9.19],[2.725,-3.389]],"v":[[4.316,-6.783],[-9.772,-8.343],[11.924,6.308]]},"ix":2}},{"ty":"fl","bm":0,"hd":false,"mn":"ADBE Vector Graphic - Fill","nm":"Fill 1","c":{"a":0,"k":[1,0.9608,0.8588],"ix":4},"r":1,"o":{"a":0,"k":100,"ix":5}},{"ty":"tr","a":{"a":0,"k":[0,0],"ix":1},"s":{"a":0,"k":[100,100],"ix":3},"sk":{"a":0,"k":0,"ix":4},"p":{"a":0,"k":[14.899,12.668],"ix":2},"r":{"a":0,"k":0,"ix":6},"sa":{"a":0,"k":0,"ix":5},"o":{"a":0,"k":100,"ix":7}}]}],"ind":4},{"ty":4,"nm":"Right eye","sr":1,"st":0,"op":90,"ip":0,"hd":false,"ddd":0,"bm":0,"hasMask":false,"ao":0,"ks":{"a":{"a":0,"k":[22.499,9.803,0],"ix":1},"s":{"a":0,"k":[-100,100,100],"ix":6},"sk":{"a":0,"k":0},"p":{"a":0,"k":[310.256,243.509,0],"ix":2},"r":{"a":0,"k":0,"ix":10},"sa":{"a":0,"k":0},"o":{"a":0,"k":100,"ix":11}},"ef":[],"shapes":[{"ty":"gr","bm":0,"hd":false,"mn":"ADBE Vector Group","nm":"Group 1","ix":1,"cix":2,"np":2,"it":[{"ty":"sh","bm":0,"hd":false,"mn":"ADBE Vector Shape - Group","nm":"Path 1","ix":1,"d":1,"ks":{"a":1,"k":[{"o":{"x":0.167,"y":0.167},"i":{"x":0.667,"y":1},"s":[{"c":true,"i":[[-7.141,1.688],[-5.419,-4.206],[2.299,0.852],[8.184,-1.935],[3.601,-3.446],[-1.137,2.116]],"o":[[12.219,-2.89],[1.937,1.504],[-5.733,-2.124],[-6.742,1.594],[-1.736,1.66],[3.11,-5.793]],"v":[[-5.709,-6.663],[20.312,-2.067],[18.232,1.635],[-2.978,0.501],[-17.739,7.893],[-21.112,5.337]]}],"t":0},{"o":{"x":0.333,"y":0},"i":{"x":0.667,"y":1},"s":[{"c":true,"i":[[-7.141,1.688],[-5.005,-4.942],[2.233,1.013],[9.043,-2.309],[3.358,-4.402],[-0.763,2.278]],"o":[[12.219,-2.89],[1.745,1.723],[-5.55,-2.519],[-8.528,2.178],[-1.457,1.91],[2.169,-6.471]],"v":[[-6.459,-10.038],[20.312,-2.067],[18.232,1.635],[-3.728,-2.874],[-17.739,7.893],[-21.112,5.337]]}],"t":31},{"s":[{"c":true,"i":[[-7.141,1.688],[-5.419,-4.206],[2.299,0.852],[8.184,-1.935],[3.601,-3.446],[-1.137,2.116]],"o":[[12.219,-2.89],[1.937,1.504],[-5.733,-2.124],[-6.742,1.594],[-1.736,1.66],[3.11,-5.793]],"v":[[-5.709,-6.663],[20.312,-2.067],[18.232,1.635],[-2.978,0.501],[-17.739,7.893],[-21.112,5.337]]}],"t":70}],"ix":2}},{"ty":"fl","bm":0,"hd":false,"mn":"ADBE Vector Graphic - Fill","nm":"Fill 1","c":{"a":0,"k":[0.2706,0.1216,0.0196],"ix":4},"r":1,"o":{"a":0,"k":100,"ix":5}},{"ty":"tr","a":{"a":0,"k":[0,0],"ix":1},"s":{"a":0,"k":[100,100],"ix":3},"sk":{"a":0,"k":0,"ix":4},"p":{"a":1,"k":[{"o":{"x":0.167,"y":0.167},"i":{"x":0.667,"y":1},"s":[22.499,9.803],"t":0,"ti":[0,0],"to":[0,0]},{"o":{"x":0.333,"y":0},"i":{"x":0.667,"y":1},"s":[21.874,8.678],"t":31,"ti":[0,0],"to":[0,0]},{"s":[22.499,9.803],"t":70}],"ix":2},"r":{"a":1,"k":[{"o":{"x":0.167,"y":0.167},"i":{"x":0.667,"y":1},"s":[0],"t":0},{"o":{"x":0.333,"y":0},"i":{"x":0.667,"y":1},"s":[-10],"t":31},{"s":[0],"t":70}],"ix":6},"sa":{"a":0,"k":0,"ix":5},"o":{"a":0,"k":100,"ix":7}}]}],"ind":5},{"ty":4,"nm":"Left eye","sr":1,"st":0,"op":90,"ip":0,"hd":false,"ddd":0,"bm":0,"hasMask":false,"ao":0,"ks":{"a":{"a":0,"k":[22.499,9.803,0],"ix":1},"s":{"a":0,"k":[100,100,100],"ix":6},"sk":{"a":0,"k":0},"p":{"a":0,"k":[192.818,242.509,0],"ix":2},"r":{"a":0,"k":0,"ix":10},"sa":{"a":0,"k":0},"o":{"a":0,"k":100,"ix":11}},"ef":[],"shapes":[{"ty":"gr","bm":0,"hd":false,"mn":"ADBE Vector Group","nm":"Group 1","ix":1,"cix":2,"np":2,"it":[{"ty":"sh","bm":0,"hd":false,"mn":"ADBE Vector Shape - Group","nm":"Path 1","ix":1,"d":1,"ks":{"a":1,"k":[{"o":{"x":0.167,"y":0.167},"i":{"x":0.667,"y":1},"s":[{"c":true,"i":[[-7.141,1.688],[-5.419,-4.206],[2.299,0.852],[8.184,-1.935],[3.601,-3.446],[-1.137,2.116]],"o":[[12.219,-2.89],[1.937,1.504],[-5.733,-2.124],[-6.742,1.594],[-1.736,1.66],[3.11,-5.793]],"v":[[-5.709,-6.663],[20.312,-2.067],[18.232,1.635],[-2.978,0.501],[-17.739,7.893],[-21.112,5.337]]}],"t":0},{"o":{"x":0.333,"y":0},"i":{"x":0.667,"y":1},"s":[{"c":true,"i":[[-7.141,1.688],[-5.005,-4.942],[2.233,1.013],[9.043,-2.309],[3.358,-4.402],[-0.763,2.278]],"o":[[12.219,-2.89],[1.745,1.723],[-5.55,-2.519],[-8.528,2.178],[-1.457,1.91],[2.169,-6.471]],"v":[[-6.459,-10.038],[20.312,-2.067],[18.232,1.635],[-3.728,-2.874],[-17.739,7.893],[-21.112,5.337]]}],"t":31},{"s":[{"c":true,"i":[[-7.141,1.688],[-5.419,-4.206],[2.299,0.852],[8.184,-1.935],[3.601,-3.446],[-1.137,2.116]],"o":[[12.219,-2.89],[1.937,1.504],[-5.733,-2.124],[-6.742,1.594],[-1.736,1.66],[3.11,-5.793]],"v":[[-5.709,-6.663],[20.312,-2.067],[18.232,1.635],[-2.978,0.501],[-17.739,7.893],[-21.112,5.337]]}],"t":70}],"ix":2}},{"ty":"fl","bm":0,"hd":false,"mn":"ADBE Vector Graphic - Fill","nm":"Fill 1","c":{"a":0,"k":[0.2706,0.1216,0.0196],"ix":4},"r":1,"o":{"a":0,"k":100,"ix":5}},{"ty":"tr","a":{"a":0,"k":[0,0],"ix":1},"s":{"a":0,"k":[100,100],"ix":3},"sk":{"a":0,"k":0,"ix":4},"p":{"a":1,"k":[{"o":{"x":0.167,"y":0.167},"i":{"x":0.667,"y":1},"s":[22.499,9.803],"t":0,"ti":[0,0],"to":[0,0]},{"o":{"x":0.333,"y":0},"i":{"x":0.667,"y":1},"s":[21.874,8.678],"t":31,"ti":[0,0],"to":[0,0]},{"s":[22.499,9.803],"t":70}],"ix":2},"r":{"a":1,"k":[{"o":{"x":0.167,"y":0.167},"i":{"x":0.667,"y":1},"s":[0],"t":0},{"o":{"x":0.333,"y":0},"i":{"x":0.667,"y":1},"s":[-10],"t":31},{"s":[0],"t":70}],"ix":6},"sa":{"a":0,"k":0,"ix":5},"o":{"a":0,"k":100,"ix":7}}]}],"ind":6},{"ty":4,"nm":"Nose","sr":1,"st":0,"op":90,"ip":0,"hd":false,"ddd":0,"bm":0,"hasMask":false,"ao":0,"ks":{"a":{"a":0,"k":[25.689,11.251,0],"ix":1},"s":{"a":0,"k":[100,100,100],"ix":6},"sk":{"a":0,"k":0},"p":{"a":1,"k":[{"o":{"x":0.167,"y":0.167},"i":{"x":0.667,"y":1},"s":[251.645,272.41,0],"t":0,"ti":[0,0,0],"to":[0,0,0]},{"o":{"x":0.333,"y":0},"i":{"x":0.667,"y":1},"s":[251.645,259.035,0],"t":31,"ti":[0,0,0],"to":[0,0,0]},{"s":[251.645,272.41,0],"t":70}],"ix":2},"r":{"a":0,"k":0,"ix":10},"sa":{"a":0,"k":0},"o":{"a":0,"k":100,"ix":11}},"ef":[],"shapes":[{"ty":"gr","bm":0,"hd":false,"mn":"ADBE Vector Group","nm":"Group 1","ix":1,"cix":2,"np":2,"it":[{"ty":"sh","bm":0,"hd":false,"mn":"ADBE Vector Shape - Group","nm":"Path 1","ix":1,"d":1,"ks":{"a":0,"k":{"c":true,"i":[[-15.126,0],[0,8.938],[10.313,0],[0,-8.938]],"o":[[15.125,0],[0,-8.938],[-10.313,0],[0,8.938]],"v":[[0,11.001],[25.439,0.688],[0,-11.001],[-25.439,0.688]]},"ix":2}},{"ty":"fl","bm":0,"hd":false,"mn":"ADBE Vector Graphic - Fill","nm":"Fill 1","c":{"a":0,"k":[0.2706,0.1216,0.0196],"ix":4},"r":1,"o":{"a":0,"k":100,"ix":5}},{"ty":"tr","a":{"a":0,"k":[0,0],"ix":1},"s":{"a":0,"k":[100,100],"ix":3},"sk":{"a":0,"k":0,"ix":4},"p":{"a":0,"k":[25.689,11.251],"ix":2},"r":{"a":0,"k":0,"ix":6},"sa":{"a":0,"k":0,"ix":5},"o":{"a":0,"k":100,"ix":7}}]}],"ind":7},{"ty":4,"nm":"Lips","sr":1,"st":0,"op":90,"ip":0,"hd":false,"ddd":0,"bm":0,"hasMask":false,"ao":0,"ks":{"a":{"a":0,"k":[2.5,17.179,0],"ix":1},"s":{"a":0,"k":[100,100,100],"ix":6},"sk":{"a":0,"k":0},"p":{"a":0,"k":[25.537,25.358,0],"ix":2},"r":{"a":0,"k":0,"ix":10},"sa":{"a":0,"k":0},"o":{"a":0,"k":100,"ix":11}},"ef":[],"shapes":[{"ty":"gr","bm":0,"hd":false,"mn":"ADBE Vector Group","nm":"Group 1","ix":1,"cix":2,"np":2,"it":[{"ty":"sh","bm":0,"hd":false,"mn":"ADBE Vector Shape - Group","nm":"Path 1","ix":1,"d":1,"ks":{"a":0,"k":{"c":false,"i":[[0,0],[0,0]],"o":[[0,0],[0,0]],"v":[[2.5,2.5],[2.5,31.857]]},"ix":2}},{"ty":"st","bm":0,"hd":false,"mn":"ADBE Vector Graphic - Stroke","nm":"Stroke 1","lc":1,"lj":1,"ml":10,"o":{"a":0,"k":100,"ix":4},"w":{"a":0,"k":5,"ix":5},"c":{"a":0,"k":[0.2706,0.1216,0.0196],"ix":3}},{"ty":"tr","a":{"a":0,"k":[0,0],"ix":1},"s":{"a":0,"k":[100,100],"ix":3},"sk":{"a":0,"k":0,"ix":4},"p":{"a":0,"k":[0,0],"ix":2},"r":{"a":0,"k":0,"ix":6},"sa":{"a":0,"k":0,"ix":5},"o":{"a":0,"k":100,"ix":7}}]}],"ind":8,"parent":7},{"ty":4,"nm":"Mouth","sr":1,"st":0,"op":90,"ip":0,"hd":false,"ddd":0,"bm":0,"hasMask":false,"ao":0,"ks":{"a":{"a":0,"k":[38,17.75,0],"ix":1},"s":{"a":0,"k":[100,100,100],"ix":6},"sk":{"a":0,"k":0},"p":{"a":0,"k":[25.544,35.091,0],"ix":2},"r":{"a":0,"k":0,"ix":10},"sa":{"a":0,"k":0},"o":{"a":0,"k":100,"ix":11}},"ef":[],"shapes":[{"ty":"gr","bm":0,"hd":false,"mn":"ADBE Vector Group","nm":"Group 1","ix":1,"cix":2,"np":3,"it":[{"ty":"sh","bm":0,"hd":false,"mn":"ADBE Vector Shape - Group","nm":"Path 1","ix":1,"d":1,"ks":{"a":1,"k":[{"o":{"x":0.167,"y":0.167},"i":{"x":0.667,"y":1},"s":[{"c":true,"i":[[-3.506,2.258],[14.562,0],[10.34,10.254],[-12.83,0]],"o":[[-1.731,1.717],[-2.438,0],[3.506,2.258],[12.83,0]],"v":[[25.5,-5.25],[0,5.25],[-25.5,-5.25],[0,2.25]]}],"t":0},{"o":{"x":0.333,"y":0},"i":{"x":0.667,"y":1},"s":[{"c":true,"i":[[-3.75,3.375],[14.561,0.202],[7.875,11.75],[-6.876,0]],"o":[[-1.625,2.75],[-9,-0.125],[4.25,3.625],[7.375,0]],"v":[[24.25,-5.875],[0,9.75],[-24.25,-5.375],[0,-1.875]]}],"t":31},{"s":[{"c":true,"i":[[-3.506,2.258],[14.562,0],[10.34,10.254],[-12.83,0]],"o":[[-1.731,1.717],[-2.438,0],[3.506,2.258],[12.83,0]],"v":[[25.5,-5.25],[0,5.25],[-25.5,-5.25],[0,2.25]]}],"t":70}],"ix":2}},{"ty":"st","bm":0,"hd":false,"mn":"ADBE Vector Graphic - Stroke","nm":"Stroke 1","lc":2,"lj":2,"ml":1,"o":{"a":0,"k":100,"ix":4},"w":{"a":0,"k":5,"ix":5},"c":{"a":0,"k":[0.2706,0.1216,0.0196],"ix":3}},{"ty":"fl","bm":0,"hd":false,"mn":"ADBE Vector Graphic - Fill","nm":"Fill 1","c":{"a":0,"k":[0.2706,0.1216,0.0196],"ix":4},"r":1,"o":{"a":0,"k":100,"ix":5}},{"ty":"tr","a":{"a":0,"k":[0,0],"ix":1},"s":{"a":0,"k":[100,100],"ix":3},"sk":{"a":0,"k":0,"ix":4},"p":{"a":0,"k":[38,17.75],"ix":2},"r":{"a":0,"k":0,"ix":6},"sa":{"a":0,"k":0,"ix":5},"o":{"a":0,"k":100,"ix":7}}]}],"ind":9,"parent":7},{"ty":4,"nm":"Right ear","sr":1,"st":0,"op":90,"ip":0,"hd":false,"ddd":0,"bm":0,"hasMask":false,"ao":0,"ks":{"a":{"a":0,"k":[41.771,50.44,0],"ix":1},"s":{"a":0,"k":[100,100,100],"ix":6},"sk":{"a":0,"k":0},"p":{"a":1,"k":[{"o":{"x":0.167,"y":0.167},"i":{"x":0.676,"y":1},"s":[334.423,164.304,0],"t":0,"ti":[0,0,0],"to":[0,0,0]},{"o":{"x":0.333,"y":0},"i":{"x":0.667,"y":1},"s":[358.537,187.936,0],"t":31,"ti":[0,0,0],"to":[0,0,0]},{"s":[333.585,163.483,0],"t":70}],"ix":2},"r":{"a":1,"k":[{"o":{"x":0.167,"y":0.167},"i":{"x":0.676,"y":1},"s":[0.85],"t":0},{"o":{"x":0.333,"y":0},"i":{"x":0.667,"y":1},"s":[24],"t":31},{"s":[0.047],"t":70}],"ix":10},"sa":{"a":0,"k":0},"o":{"a":0,"k":100,"ix":11}},"ef":[],"shapes":[{"ty":"gr","bm":0,"hd":false,"mn":"ADBE Vector Group","nm":"Line","ix":1,"cix":2,"np":2,"it":[{"ty":"sh","bm":0,"hd":false,"mn":"ADBE Vector Shape - Group","nm":"Path 1","ix":1,"d":1,"ks":{"a":1,"k":[{"o":{"x":0.167,"y":0.167},"i":{"x":0.667,"y":1},"s":[{"c":false,"i":[[0,0],[4.359,2.092],[0.797,0.337],[-2.744,2.056],[6.875,0.687],[-3.923,1.818],[0,0]],"o":[[-7.309,-7.571],[-0.743,-0.358],[10.257,-1.376],[-1.375,-0.687],[15.196,-20.623],[1.046,-0.485],[0,0]],"v":[[3.566,27.354],[-14.483,12.032],[-16.799,10.987],[1.674,5.5],[-14.827,2.063],[15.204,-26.864],[16.799,-27.501]]}],"t":0},{"o":{"x":0.333,"y":0},"i":{"x":0.667,"y":1},"s":[{"c":false,"i":[[0,0],[4.359,2.092],[0.797,0.337],[-2.744,2.056],[6.875,0.687],[-3.923,1.818],[0,0]],"o":[[-9.428,-4.989],[-0.743,-0.358],[10.257,-1.376],[-1.375,-0.687],[15.196,-20.623],[1.046,-0.485],[0,0]],"v":[[6.012,23.362],[-14.483,12.032],[-16.799,10.987],[1.674,5.5],[-14.827,2.063],[15.204,-26.864],[16.799,-27.501]]}],"t":31},{"s":[{"c":false,"i":[[0,0],[4.359,2.092],[0.797,0.337],[-2.744,2.056],[6.875,0.687],[-3.923,1.818],[0,0]],"o":[[-7.235,-7.661],[-0.743,-0.358],[10.257,-1.376],[-1.375,-0.687],[15.196,-20.623],[1.046,-0.485],[0,0]],"v":[[3.481,27.493],[-14.483,12.032],[-16.799,10.987],[1.674,5.5],[-14.827,2.063],[15.204,-26.864],[16.799,-27.501]]}],"t":70}],"ix":2}},{"ty":"st","bm":0,"hd":false,"mn":"ADBE Vector Graphic - Stroke","nm":"Stroke 1","lc":2,"lj":1,"ml":10,"o":{"a":0,"k":100,"ix":4},"w":{"a":0,"k":3,"ix":5},"c":{"a":0,"k":[0.6471,0.298,0.0588],"ix":3}},{"ty":"tr","a":{"a":0,"k":[0,0],"ix":1},"s":{"a":0,"k":[100,100],"ix":3},"sk":{"a":0,"k":0,"ix":4},"p":{"a":0,"k":[44.833,47.346],"ix":2},"r":{"a":0,"k":0,"ix":6},"sa":{"a":0,"k":0,"ix":5},"o":{"a":0,"k":100,"ix":7}}]},{"ty":"gr","bm":0,"hd":false,"mn":"ADBE Vector Group","nm":"White","ix":2,"cix":2,"np":2,"it":[{"ty":"sh","bm":0,"hd":false,"mn":"ADBE Vector Shape - Group","nm":"Path 1","ix":1,"d":1,"ks":{"a":1,"k":[{"o":{"x":0.167,"y":0.167},"i":{"x":0.667,"y":1},"s":[{"c":true,"i":[[4.966,-18.403],[6.793,3.259],[0.798,0.337],[-2.744,2.056],[6.875,0.687],[0,0]],"o":[[-12.543,-14.443],[-0.743,-0.357],[10.258,-1.375],[-1.375,-0.687],[19.251,-26.127],[7.268,12.712]],"v":[[12.643,34.297],[-18.117,4.847],[-20.434,3.802],[-1.96,-1.685],[-18.461,-5.122],[13.165,-34.686]]}],"t":0},{"o":{"x":0.333,"y":0},"i":{"x":0.667,"y":1},"s":[{"c":true,"i":[[3.726,-19.655],[6.793,3.259],[0.798,0.337],[-2.744,2.056],[6.875,0.687],[0,0]],"o":[[-21.577,-11.947],[-0.743,-0.357],[10.258,-1.375],[-1.375,-0.687],[19.251,-26.127],[7.268,12.712]],"v":[[15.06,23.719],[-18.117,4.847],[-20.434,3.802],[-1.96,-1.685],[-18.461,-5.122],[13.165,-34.686]]}],"t":31},{"s":[{"c":true,"i":[[5.009,-18.36],[6.793,3.259],[0.798,0.337],[-2.744,2.056],[6.875,0.687],[0,0]],"o":[[-12.229,-14.53],[-0.743,-0.357],[10.258,-1.375],[-1.375,-0.687],[19.251,-26.127],[7.268,12.712]],"v":[[12.559,34.665],[-18.117,4.847],[-20.434,3.802],[-1.96,-1.685],[-18.461,-5.122],[13.165,-34.686]]}],"t":70}],"ix":2}},{"ty":"fl","bm":0,"hd":false,"mn":"ADBE Vector Graphic - Fill","nm":"Fill 1","c":{"a":0,"k":[1,0.9608,0.8588],"ix":4},"r":1,"o":{"a":0,"k":100,"ix":5}},{"ty":"tr","a":{"a":0,"k":[0,0],"ix":1},"s":{"a":0,"k":[100,100],"ix":3},"sk":{"a":0,"k":0,"ix":4},"p":{"a":0,"k":[48.467,54.531],"ix":2},"r":{"a":0,"k":0,"ix":6},"sa":{"a":0,"k":0,"ix":5},"o":{"a":0,"k":100,"ix":7}}]},{"ty":"gr","bm":0,"hd":false,"mn":"ADBE Vector Group","nm":"Ear","ix":3,"cix":2,"np":2,"it":[{"ty":"sh","bm":0,"hd":false,"mn":"ADBE Vector Shape - Group","nm":"Path 1","ix":1,"d":1,"ks":{"a":1,"k":[{"o":{"x":0.167,"y":0.167},"i":{"x":0.667,"y":1},"s":[{"c":false,"i":[[0,0],[-25.514,15.29],[-4.125,-15.813],[13.063,-37.815]],"o":[[0,0],[13.719,-8.213],[4.125,15.813],[0,0]],"v":[[-41.69,0.883],[7.144,-38.502],[32.583,-34.377],[28.458,50.19]]}],"t":0},{"o":{"x":0.333,"y":0},"i":{"x":0.667,"y":1},"s":[{"c":false,"i":[[0,0],[-27.572,19.754],[-4.125,-15.813],[13.063,-37.815]],"o":[[0,0],[12.999,-9.314],[4.125,15.813],[0,0]],"v":[[-46.315,5.318],[7.143,-38.502],[32.583,-34.377],[28.458,50.19]]}],"t":31},{"s":[{"c":false,"i":[[0,0],[-25.442,15.135],[-4.125,-15.813],[13.063,-37.815]],"o":[[0,0],[13.744,-8.175],[4.125,15.813],[0,0]],"v":[[-41.53,0.729],[7.144,-38.502],[32.583,-34.377],[28.458,50.19]]}],"t":70}],"ix":2}},{"ty":"fl","bm":0,"hd":false,"mn":"ADBE Vector Graphic - Fill","nm":"Fill 1","c":{"a":0,"k":[1,0.7529,0.2902],"ix":4},"r":1,"o":{"a":0,"k":100,"ix":5}},{"ty":"tr","a":{"a":0,"k":[0,0],"ix":1},"s":{"a":0,"k":[100,100],"ix":3},"sk":{"a":0,"k":0,"ix":4},"p":{"a":0,"k":[41.77,50.44],"ix":2},"r":{"a":0,"k":0,"ix":6},"sa":{"a":0,"k":0,"ix":5},"o":{"a":0,"k":100,"ix":7}}]}],"ind":10},{"ty":4,"nm":"Left ear","sr":1,"st":0,"op":90,"ip":0,"hd":false,"ddd":0,"bm":0,"hasMask":false,"ao":0,"ks":{"a":{"a":0,"k":[41.77,50.44,0],"ix":1},"s":{"a":0,"k":[100,100,100],"ix":6},"sk":{"a":0,"k":0},"p":{"a":1,"k":[{"o":{"x":0.167,"y":0.167},"i":{"x":0.676,"y":1},"s":[168.867,164.304,0],"t":0,"ti":[0,0,0],"to":[0,0,0]},{"o":{"x":0.333,"y":0},"i":{"x":0.667,"y":1},"s":[144.753,187.936,0],"t":31,"ti":[0,0,0],"to":[0,0,0]},{"s":[169.705,163.483,0],"t":70}],"ix":2},"r":{"a":1,"k":[{"o":{"x":0.167,"y":0.167},"i":{"x":0.676,"y":1},"s":[-0.85],"t":0},{"o":{"x":0.333,"y":0},"i":{"x":0.667,"y":1},"s":[-24],"t":31},{"s":[-0.047],"t":70}],"ix":10},"sa":{"a":0,"k":0},"o":{"a":0,"k":100,"ix":11}},"ef":[],"shapes":[{"ty":"gr","bm":0,"hd":false,"mn":"ADBE Vector Group","nm":"Line","ix":1,"cix":2,"np":2,"it":[{"ty":"sh","bm":0,"hd":false,"mn":"ADBE Vector Shape - Group","nm":"Path 1","ix":1,"d":1,"ks":{"a":1,"k":[{"o":{"x":0.167,"y":0.167},"i":{"x":0.667,"y":1},"s":[{"c":false,"i":[[0,0],[-19.251,-26.126],[1.375,-0.687],[-10.258,-1.375],[0.742,-0.357],[7.324,-7.598]],"o":[[0,0],[-6.875,0.687],[2.744,2.056],[-0.798,0.337],[-4.36,2.092],[0,0]],"v":[[-16.8,-27.501],[14.826,2.063],[-1.675,5.5],[16.8,10.987],[14.483,12.032],[-3.578,27.359]]}],"t":0},{"o":{"x":0.333,"y":0},"i":{"x":0.667,"y":1},"s":[{"c":false,"i":[[0,0],[-19.251,-26.126],[1.375,-0.687],[-10.258,-1.375],[0.742,-0.357],[9.861,-5.753]],"o":[[0,0],[-6.875,0.687],[2.744,2.056],[-0.798,0.337],[-4.36,2.092],[0,0]],"v":[[-16.8,-27.501],[14.826,2.063],[-1.675,5.5],[16.8,10.987],[14.483,12.032],[-6.342,23.489]]}],"t":31},{"s":[{"c":false,"i":[[0,0],[-19.251,-26.126],[1.375,-0.687],[-10.258,-1.375],[0.742,-0.357],[7.236,-7.662]],"o":[[0,0],[-6.875,0.687],[2.744,2.056],[-0.798,0.337],[-4.36,2.092],[0,0]],"v":[[-16.8,-27.501],[14.826,2.063],[-1.675,5.5],[16.8,10.987],[14.483,12.032],[-3.482,27.493]]}],"t":70}],"ix":2}},{"ty":"st","bm":0,"hd":false,"mn":"ADBE Vector Graphic - Stroke","nm":"Stroke 1","lc":2,"lj":1,"ml":10,"o":{"a":0,"k":100,"ix":4},"w":{"a":0,"k":3,"ix":5},"c":{"a":0,"k":[0.6471,0.298,0.0588],"ix":3}},{"ty":"tr","a":{"a":0,"k":[0,0],"ix":1},"s":{"a":0,"k":[100,100],"ix":3},"sk":{"a":0,"k":0,"ix":4},"p":{"a":0,"k":[38.707,47.346],"ix":2},"r":{"a":0,"k":0,"ix":6},"sa":{"a":0,"k":0,"ix":5},"o":{"a":0,"k":100,"ix":7}}]},{"ty":"gr","bm":0,"hd":false,"mn":"ADBE Vector Group","nm":"White","ix":2,"cix":2,"np":2,"it":[{"ty":"sh","bm":0,"hd":false,"mn":"ADBE Vector Shape - Group","nm":"Path 1","ix":1,"d":1,"ks":{"a":1,"k":[{"o":{"x":0.167,"y":0.167},"i":{"x":0.667,"y":1},"s":[{"c":true,"i":[[-10.258,-1.375],[0.743,-0.358],[12.362,-14.301],[-7.267,12.712],[-19.251,-26.127],[1.375,-0.687]],"o":[[-0.797,0.337],[-6.793,3.259],[-5.012,-18.357],[0,0],[-6.876,0.687],[2.744,2.056]],"v":[[20.434,3.802],[18.117,4.847],[-12.665,34.259],[-13.167,-34.686],[18.46,-5.122],[1.959,-1.685]]}],"t":0},{"o":{"x":0.333,"y":0},"i":{"x":0.667,"y":1},"s":[{"c":true,"i":[[-10.258,-1.375],[0.743,-0.358],[16.461,-7.931],[-7.267,12.712],[-19.251,-26.127],[1.375,-0.687]],"o":[[-0.797,0.337],[-6.793,3.259],[-5.012,-18.357],[0,0],[-6.876,0.687],[2.744,2.056]],"v":[[20.434,3.802],[18.117,4.847],[-15.669,22.627],[-13.167,-34.686],[18.46,-5.122],[1.959,-1.685]]}],"t":31},{"s":[{"c":true,"i":[[-10.258,-1.375],[0.743,-0.358],[12.219,-14.522],[-7.267,12.712],[-19.251,-26.127],[1.375,-0.687]],"o":[[-0.797,0.337],[-6.793,3.259],[-5.012,-18.357],[0,0],[-6.876,0.687],[2.744,2.056]],"v":[[20.434,3.802],[18.117,4.847],[-12.561,34.663],[-13.167,-34.686],[18.46,-5.122],[1.959,-1.685]]}],"t":70}],"ix":2}},{"ty":"fl","bm":0,"hd":false,"mn":"ADBE Vector Graphic - Fill","nm":"Fill 1","c":{"a":0,"k":[1,0.9608,0.8588],"ix":4},"r":1,"o":{"a":0,"k":100,"ix":5}},{"ty":"tr","a":{"a":0,"k":[0,0],"ix":1},"s":{"a":0,"k":[100,100],"ix":3},"sk":{"a":0,"k":0,"ix":4},"p":{"a":0,"k":[35.073,54.531],"ix":2},"r":{"a":0,"k":0,"ix":6},"sa":{"a":0,"k":0,"ix":5},"o":{"a":0,"k":100,"ix":7}}]},{"ty":"gr","bm":0,"hd":false,"mn":"ADBE Vector Group","nm":"Ear","ix":3,"cix":2,"np":2,"it":[{"ty":"sh","bm":0,"hd":false,"mn":"ADBE Vector Shape - Group","nm":"Path 1","ix":1,"d":1,"ks":{"a":1,"k":[{"o":{"x":0.167,"y":0.167},"i":{"x":0.667,"y":1},"s":[{"c":false,"i":[[0,0],[25.425,15.27],[4.125,-15.813],[-13.063,-37.815]],"o":[[0,0],[-13.708,-8.228],[-4.126,15.813],[0,0]],"v":[[41.524,0.819],[-7.144,-38.502],[-32.582,-34.377],[-28.457,50.19]]}],"t":0},{"o":{"x":0.333,"y":0},"i":{"x":0.667,"y":1},"s":[{"c":false,"i":[[0,0],[25.049,19.178],[4.125,-15.813],[-13.063,-37.815]],"o":[[0,0],[-12.697,-9.721],[-4.126,15.813],[0,0]],"v":[[41.645,3.512],[-7.144,-38.502],[-32.582,-34.377],[-28.457,50.19]]}],"t":31},{"s":[{"c":false,"i":[[0,0],[25.438,15.134],[4.125,-15.813],[-13.063,-37.815]],"o":[[0,0],[-13.743,-8.176],[-4.126,15.813],[0,0]],"v":[[41.52,0.725],[-7.144,-38.502],[-32.582,-34.377],[-28.457,50.19]]}],"t":70}],"ix":2}},{"ty":"fl","bm":0,"hd":false,"mn":"ADBE Vector Graphic - Fill","nm":"Fill 1","c":{"a":0,"k":[1,0.7529,0.2902],"ix":4},"r":1,"o":{"a":0,"k":100,"ix":5}},{"ty":"tr","a":{"a":0,"k":[0,0],"ix":1},"s":{"a":0,"k":[100,100],"ix":3},"sk":{"a":0,"k":0,"ix":4},"p":{"a":0,"k":[41.77,50.44],"ix":2},"r":{"a":0,"k":0,"ix":6},"sa":{"a":0,"k":0,"ix":5},"o":{"a":0,"k":100,"ix":7}}]}],"ind":11},{"ty":4,"nm":"Cheecks","sr":1,"st":0,"op":90,"ip":0,"hd":false,"ddd":0,"bm":0,"hasMask":false,"ao":0,"ks":{"a":{"a":0,"k":[149.502,64.706,0],"ix":1},"s":{"a":0,"k":[100,100,100],"ix":6},"sk":{"a":0,"k":0},"p":{"a":0,"k":[251.646,316.928,0],"ix":2},"r":{"a":0,"k":0,"ix":10},"sa":{"a":0,"k":0},"o":{"a":0,"k":100,"ix":11}},"ef":[],"shapes":[{"ty":"gr","bm":0,"hd":false,"mn":"ADBE Vector Group","nm":"Group 1","ix":1,"cix":2,"np":2,"it":[{"ty":"sh","bm":0,"hd":false,"mn":"ADBE Vector Shape - Group","nm":"Path 1","ix":1,"d":1,"ks":{"a":1,"k":[{"o":{"x":0.167,"y":0.167},"i":{"x":0.667,"y":1},"s":[{"c":true,"i":[[-4.877,7.407],[0,0],[43.314,0],[46.256,23.763],[17.314,-37.281],[-9.551,-6.73],[-41.252,0],[-27.426,19.322]],"o":[[-17.433,-37.263],[-46.082,23.612],[-43.315,0],[0,0],[4.876,7.407],[27.426,19.322],[41.251,0],[9.552,-6.73]],"v":[[149.252,9.143],[103.13,-41.768],[-0.004,-64.775],[-103.13,-41.768],[-149.252,9.143],[-127.538,30.079],[0,64.456],[127.537,30.079]]}],"t":0},{"o":{"x":0.333,"y":0},"i":{"x":0.667,"y":1},"s":[{"c":true,"i":[[-4.877,7.407],[0,0],[43.314,0],[51.485,15.59],[18.607,-30.571],[-9.551,-6.73],[-41.252,0],[-27.426,19.322]],"o":[[-21.897,-30.071],[-46.525,11.34],[-43.315,0],[0,0],[4.876,7.407],[27.426,19.322],[41.251,0],[9.552,-6.73]],"v":[[149.252,9.144],[103.13,-41.768],[-0.106,-73.456],[-103.13,-41.768],[-149.252,9.144],[-127.538,30.079],[0,64.456],[127.537,30.079]]}],"t":31},{"s":[{"c":true,"i":[[-4.877,7.407],[0,0],[43.314,0],[46.075,24.047],[17.27,-37.514],[-9.551,-6.73],[-41.252,0],[-27.426,19.322]],"o":[[-17.278,-37.513],[-46.067,24.038],[-43.315,0],[0,0],[4.876,7.407],[27.426,19.322],[41.251,0],[9.552,-6.73]],"v":[[149.252,9.143],[103.13,-41.768],[0,-64.474],[-103.13,-41.768],[-149.252,9.143],[-127.538,30.079],[0,64.457],[127.537,30.079]]}],"t":70}],"ix":2}},{"ty":"fl","bm":0,"hd":false,"mn":"ADBE Vector Graphic - Fill","nm":"Fill 1","c":{"a":0,"k":[1,0.9608,0.8588],"ix":4},"r":1,"o":{"a":0,"k":100,"ix":5}},{"ty":"tr","a":{"a":0,"k":[0,0],"ix":1},"s":{"a":0,"k":[100,100],"ix":3},"sk":{"a":0,"k":0,"ix":4},"p":{"a":0,"k":[149.502,64.707],"ix":2},"r":{"a":0,"k":0,"ix":6},"sa":{"a":0,"k":0,"ix":5},"o":{"a":0,"k":100,"ix":7}}]}],"ind":12},{"ty":4,"nm":"Head fill","sr":1,"st":0,"op":90,"ip":0,"hd":false,"ddd":0,"bm":0,"hasMask":false,"ao":0,"ks":{"a":{"a":0,"k":[165.602,110.256,0],"ix":1},"s":{"a":0,"k":[100,100,100],"ix":6},"sk":{"a":0,"k":0},"p":{"a":0,"k":[251.645,271.378,0],"ix":2},"r":{"a":0,"k":0,"ix":10},"sa":{"a":0,"k":0},"o":{"a":0,"k":100,"ix":11}},"ef":[],"shapes":[{"ty":"gr","bm":0,"hd":false,"mn":"ADBE Vector Group","nm":"Group 1","ix":1,"cix":2,"np":2,"it":[{"ty":"sh","bm":0,"hd":false,"mn":"ADBE Vector Shape - Group","nm":"Path 1","ix":1,"d":1,"ks":{"a":0,"k":{"c":true,"i":[[-41.252,0],[-27.426,19.322],[19.938,39.877],[17.189,8.25],[22.001,0],[17.188,-8.251],[9.367,-18.734],[-30.251,-21.313]],"o":[[41.251,0],[30.251,-21.313],[-9.368,-18.734],[-17.188,-8.251],[-22.001,0],[-17.189,8.25],[-19.938,39.877],[27.426,19.322]],"v":[[0,110.006],[127.538,75.629],[145.414,-7.563],[70.472,-99.005],[0,-110.006],[-70.472,-99.005],[-145.414,-7.563],[-127.538,75.629]]},"ix":2}},{"ty":"fl","bm":0,"hd":false,"mn":"ADBE Vector Graphic - Fill","nm":"Fill 1","c":{"a":0,"k":[1,0.7529,0.2902],"ix":4},"r":1,"o":{"a":0,"k":100,"ix":5}},{"ty":"tr","a":{"a":0,"k":[0,0],"ix":1},"s":{"a":0,"k":[100,100],"ix":3},"sk":{"a":0,"k":0,"ix":4},"p":{"a":0,"k":[165.602,110.256],"ix":2},"r":{"a":0,"k":0,"ix":6},"sa":{"a":0,"k":0,"ix":5},"o":{"a":0,"k":100,"ix":7}}]}],"ind":13},{"ty":4,"nm":"Neckerchief","sr":1,"st":0,"op":90,"ip":0,"hd":false,"ddd":0,"bm":0,"hasMask":false,"ao":0,"ks":{"a":{"a":0,"k":[136.943,73.69,0],"ix":1},"s":{"a":0,"k":[100,100,100],"ix":6},"sk":{"a":0,"k":0},"p":{"a":0,"k":[251.645,414.729,0],"ix":2},"r":{"a":0,"k":0,"ix":10},"sa":{"a":0,"k":0},"o":{"a":0,"k":100,"ix":11}},"ef":[],"shapes":[{"ty":"gr","bm":0,"hd":false,"mn":"ADBE Vector Group","nm":"Group 1","ix":1,"cix":2,"np":3,"it":[{"ty":"sh","bm":0,"hd":false,"mn":"ADBE Vector Shape - Group","nm":"Path 1","ix":1,"d":1,"ks":{"a":1,"k":[{"o":{"x":0.333,"y":0},"i":{"x":0.667,"y":1},"s":[{"c":true,"i":[[0,0],[1.375,-4.125],[26.814,0],[1.375,4.125],[0,0]],"o":[[0,0],[-1.376,4.125],[-26.814,0],[-1.375,-4.125],[0,0]],"v":[[104.506,-61.191],[123.068,-48.128],[0.001,61.191],[-123.068,-48.128],[-104.504,-61.191]]}],"t":0},{"o":{"x":0.333,"y":0},"i":{"x":0.667,"y":1},"s":[{"c":true,"i":[[0,0],[1.375,-4.125],[26.814,0],[1.375,4.125],[0,0]],"o":[[0,0],[-1.376,4.125],[-26.814,0],[-1.375,-4.125],[0,0]],"v":[[104.506,-61.191],[123.068,-48.128],[0.106,52.191],[-123.068,-48.128],[-104.504,-61.191]]}],"t":31},{"s":[{"c":true,"i":[[0,0],[1.375,-4.125],[26.814,0],[1.375,4.125],[0,0]],"o":[[0,0],[-1.376,4.125],[-26.814,0],[-1.375,-4.125],[0,0]],"v":[[104.506,-61.191],[123.068,-48.128],[0,61.191],[-123.068,-48.128],[-104.504,-61.191]]}],"t":70}],"ix":2}},{"ty":"st","bm":0,"hd":false,"mn":"ADBE Vector Graphic - Stroke","nm":"Stroke 1","lc":1,"lj":1,"ml":10,"o":{"a":0,"k":100,"ix":4},"w":{"a":0,"k":5,"ix":5},"c":{"a":0,"k":[0.6196,0.1373,0.1373],"ix":3}},{"ty":"fl","bm":0,"hd":false,"mn":"ADBE Vector Graphic - Fill","nm":"Fill 1","c":{"a":0,"k":[0.3882,1,0.3961],"ix":4},"r":1,"o":{"a":0,"k":100,"ix":5}},{"ty":"tr","a":{"a":0,"k":[0,0],"ix":1},"s":{"a":0,"k":[100,100],"ix":3},"sk":{"a":0,"k":0,"ix":4},"p":{"a":0,"k":[136.943,73.69],"ix":2},"r":{"a":0,"k":0,"ix":6},"sa":{"a":0,"k":0,"ix":5},"o":{"a":0,"k":100,"ix":7}}]}],"ind":14},{"ty":4,"nm":"Horn","sr":1,"st":0,"op":90,"ip":0,"hd":false,"ddd":0,"bm":0,"hasMask":false,"ao":0,"ks":{"a":{"a":0,"k":[44.576,83.835,0],"ix":1},"s":{"a":0,"k":[100,100,100],"ix":6},"sk":{"a":0,"k":0},"p":{"a":1,"k":[{"o":{"x":0.167,"y":0.167},"i":{"x":0.667,"y":1},"s":[248.988,104.104,0],"t":0,"ti":[0,0,0],"to":[0,0,0]},{"o":{"x":0.333,"y":0},"i":{"x":0.667,"y":1},"s":[248.988,110.104,0],"t":31,"ti":[0,0,0],"to":[0,0,0]},{"s":[248.988,104.104,0],"t":70}],"ix":2},"r":{"a":0,"k":0,"ix":10},"sa":{"a":0,"k":0},"o":{"a":0,"k":100,"ix":11}},"ef":[],"shapes":[{"ty":"gr","bm":0,"hd":false,"mn":"ADBE Vector Group","nm":"Group 4","ix":1,"cix":2,"np":3,"it":[{"ty":"sh","bm":0,"hd":false,"mn":"ADBE Vector Shape - Group","nm":"Path 1","ix":1,"d":1,"ks":{"a":0,"k":{"c":true,"i":[[-0.492,-9.346],[0,0],[0,0],[-0.492,2.151],[-19.821,14.05]],"o":[[0.767,14.579],[0,0],[0.428,-1.221],[13.494,-3.921],[2.963,13.612]],"v":[[31.309,10.362],[-32.076,17.2],[-28.867,8.538],[-27.48,3.451],[25.765,-24.941]]},"ix":2}},{"ty":"st","bm":0,"hd":false,"mn":"ADBE Vector Graphic - Stroke","nm":"Stroke 1","lc":1,"lj":1,"ml":10,"o":{"a":0,"k":100,"ix":4},"w":{"a":0,"k":5,"ix":5},"c":{"a":0,"k":[0.2706,0.1216,0.0196],"ix":3}},{"ty":"fl","bm":0,"hd":false,"mn":"ADBE Vector Graphic - Fill","nm":"Fill 1","c":{"a":1,"k":[{"o":{"x":0.167,"y":0.167},"i":{"x":0.833,"y":0.833},"s":[0.3882,1,0.3961],"t":0},{"o":{"x":0.167,"y":0.167},"i":{"x":0.833,"y":0.833},"s":[0.8314,0.7922,0.9882],"t":9},{"o":{"x":0.167,"y":0.167},"i":{"x":0.833,"y":0.833},"s":[0.3451,0.5529,0.2902],"t":18},{"o":{"x":0.167,"y":0.167},"i":{"x":0.833,"y":0.833},"s":[1,0.7529,0.2902],"t":27},{"o":{"x":0.167,"y":0.167},"i":{"x":0.833,"y":0.833},"s":[0.3882,1,0.3961],"t":36},{"o":{"x":0.167,"y":0.167},"i":{"x":0.833,"y":0.833},"s":[0.8314,0.7922,0.9882],"t":45},{"o":{"x":0.167,"y":0.167},"i":{"x":0.833,"y":0.833},"s":[0.3451,0.5529,0.2902],"t":54},{"o":{"x":0.167,"y":0.167},"i":{"x":0.833,"y":0.833},"s":[1,0.7529,0.2902],"t":62},{"s":[0.3882,1,0.3961],"t":70}],"ix":4},"r":1,"o":{"a":0,"k":100,"ix":5}},{"ty":"tr","a":{"a":0,"k":[0,0],"ix":1},"s":{"a":0,"k":[100,100],"ix":3},"sk":{"a":0,"k":0,"ix":4},"p":{"a":0,"k":[44.576,130.23],"ix":2},"r":{"a":0,"k":0,"ix":6},"sa":{"a":0,"k":0,"ix":5},"o":{"a":0,"k":100,"ix":7}}]},{"ty":"gr","bm":0,"hd":false,"mn":"ADBE Vector Group","nm":"Group 1","ix":2,"cix":2,"np":3,"it":[{"ty":"sh","bm":0,"hd":false,"mn":"ADBE Vector Shape - Group","nm":"Path 1","ix":1,"d":1,"ks":{"a":0,"k":{"c":true,"i":[[-1.732,-7.95],[13.494,-3.921],[-1.806,11.753],[-14.807,11.442]],"o":[[-19.821,14.05],[1.45,-6.255],[11.843,-4.723],[2.197,8.469]],"v":[[26.623,-1.797],[-26.623,26.596],[-21.654,-1.322],[20.66,-26.596]]},"ix":2}},{"ty":"st","bm":0,"hd":false,"mn":"ADBE Vector Graphic - Stroke","nm":"Stroke 1","lc":1,"lj":1,"ml":10,"o":{"a":0,"k":100,"ix":4},"w":{"a":0,"k":5,"ix":5},"c":{"a":0,"k":[0.2706,0.1216,0.0196],"ix":3}},{"ty":"fl","bm":0,"hd":false,"mn":"ADBE Vector Graphic - Fill","nm":"Fill 1","c":{"a":1,"k":[{"o":{"x":0.167,"y":0.167},"i":{"x":0.833,"y":0.833},"s":[1,0.7529,0.2902],"t":0},{"o":{"x":0.167,"y":0.167},"i":{"x":0.833,"y":0.833},"s":[0.3882,1,0.3961],"t":9},{"o":{"x":0.167,"y":0.167},"i":{"x":0.833,"y":0.833},"s":[0.8314,0.7922,0.9882],"t":18},{"o":{"x":0.167,"y":0.167},"i":{"x":0.833,"y":0.833},"s":[0.3451,0.5529,0.2902],"t":27},{"o":{"x":0.167,"y":0.167},"i":{"x":0.833,"y":0.833},"s":[1,0.7529,0.2902],"t":36},{"o":{"x":0.167,"y":0.167},"i":{"x":0.833,"y":0.833},"s":[0.3882,1,0.3961],"t":45},{"o":{"x":0.167,"y":0.167},"i":{"x":0.833,"y":0.833},"s":[0.8314,0.7922,0.9882],"t":54},{"o":{"x":0.167,"y":0.167},"i":{"x":0.833,"y":0.833},"s":[0.3451,0.5529,0.2902],"t":62},{"s":[1,0.7529,0.2902],"t":70}],"ix":4},"r":1,"o":{"a":0,"k":100,"ix":5}},{"ty":"tr","a":{"a":0,"k":[0,0],"ix":1},"s":{"a":0,"k":[100,100],"ix":3},"sk":{"a":0,"k":0,"ix":4},"p":{"a":0,"k":[43.718,107.085],"ix":2},"r":{"a":0,"k":0,"ix":6},"sa":{"a":0,"k":0,"ix":5},"o":{"a":0,"k":100,"ix":7}}]},{"ty":"gr","bm":0,"hd":false,"mn":"ADBE Vector Group","nm":"Group 2","ix":3,"cix":2,"np":3,"it":[{"ty":"sh","bm":0,"hd":false,"mn":"ADBE Vector Shape - Group","nm":"Path 1","ix":1,"d":1,"ks":{"a":0,"k":{"c":true,"i":[[-2.006,-7.723],[11.843,-4.722],[-1.267,9.264],[-10.394,9.218]],"o":[[-14.807,11.442],[1.24,-8.096],[9.92,-4.987],[2.151,7.604]],"v":[[21.157,-1.076],[-21.157,24.197],[-17.355,-2.124],[14.866,-24.197]]},"ix":2}},{"ty":"st","bm":0,"hd":false,"mn":"ADBE Vector Graphic - Stroke","nm":"Stroke 1","lc":1,"lj":1,"ml":10,"o":{"a":0,"k":100,"ix":4},"w":{"a":0,"k":5,"ix":5},"c":{"a":0,"k":[0.2706,0.1216,0.0196],"ix":3}},{"ty":"fl","bm":0,"hd":false,"mn":"ADBE Vector Graphic - Fill","nm":"Fill 1","c":{"a":1,"k":[{"o":{"x":0.167,"y":0.167},"i":{"x":0.833,"y":0.833},"s":[0.3451,0.5529,0.2902],"t":0},{"o":{"x":0.167,"y":0.167},"i":{"x":0.833,"y":0.833},"s":[1,0.7529,0.2902],"t":9},{"o":{"x":0.167,"y":0.167},"i":{"x":0.833,"y":0.833},"s":[0.3882,1,0.3961],"t":18},{"o":{"x":0.167,"y":0.167},"i":{"x":0.833,"y":0.833},"s":[0.8314,0.7922,0.9882],"t":27},{"o":{"x":0.167,"y":0.167},"i":{"x":0.833,"y":0.833},"s":[0.3451,0.5529,0.2902],"t":36},{"o":{"x":0.167,"y":0.167},"i":{"x":0.833,"y":0.833},"s":[1,0.7529,0.2902],"t":45},{"o":{"x":0.167,"y":0.167},"i":{"x":0.833,"y":0.833},"s":[0.3882,1,0.3961],"t":54},{"o":{"x":0.167,"y":0.167},"i":{"x":0.833,"y":0.833},"s":[0.8314,0.7922,0.9882],"t":62},{"s":[0.3451,0.5529,0.2902],"t":70}],"ix":4},"r":1,"o":{"a":0,"k":100,"ix":5}},{"ty":"tr","a":{"a":0,"k":[0,0],"ix":1},"s":{"a":0,"k":[100,100],"ix":3},"sk":{"a":0,"k":0,"ix":4},"p":{"a":0,"k":[43.221,81.565],"ix":2},"r":{"a":0,"k":0,"ix":6},"sa":{"a":0,"k":0,"ix":5},"o":{"a":0,"k":100,"ix":7}}]},{"ty":"gr","bm":0,"hd":false,"mn":"ADBE Vector Group","nm":"Group 3","ix":4,"cix":2,"np":3,"it":[{"ty":"sh","bm":0,"hd":false,"mn":"ADBE Vector Shape - Group","nm":"Path 1","ix":1,"d":1,"ks":{"a":0,"k":{"c":true,"i":[[-2.298,-8.087],[0,0],[9.92,-4.988],[-1.112,8.589],[-5.68,7.367]],"o":[[0,0],[-10.394,9.218],[1.176,-8.543],[7.914,-5.151],[2.225,7.349]],"v":[[16.111,0.606],[16.111,0.615],[-16.111,22.689],[-12.656,-3.242],[9.272,-22.689]]},"ix":2}},{"ty":"st","bm":0,"hd":false,"mn":"ADBE Vector Graphic - Stroke","nm":"Stroke 1","lc":1,"lj":1,"ml":10,"o":{"a":0,"k":100,"ix":4},"w":{"a":0,"k":5,"ix":5},"c":{"a":0,"k":[0.2706,0.1216,0.0196],"ix":3}},{"ty":"fl","bm":0,"hd":false,"mn":"ADBE Vector Graphic - Fill","nm":"Fill 1","c":{"a":1,"k":[{"o":{"x":0.167,"y":0.167},"i":{"x":0.833,"y":0.833},"s":[0.8314,0.7922,0.9882],"t":0},{"o":{"x":0.167,"y":0.167},"i":{"x":0.833,"y":0.833},"s":[0.3451,0.5529,0.2902],"t":9},{"o":{"x":0.167,"y":0.167},"i":{"x":0.833,"y":0.833},"s":[1,0.7529,0.2902],"t":18},{"o":{"x":0.167,"y":0.167},"i":{"x":0.833,"y":0.833},"s":[0.3882,1,0.3961],"t":27},{"o":{"x":0.167,"y":0.167},"i":{"x":0.833,"y":0.833},"s":[0.8314,0.7922,0.9882],"t":36},{"o":{"x":0.167,"y":0.167},"i":{"x":0.833,"y":0.833},"s":[0.3451,0.5529,0.2902],"t":45},{"o":{"x":0.167,"y":0.167},"i":{"x":0.833,"y":0.833},"s":[1,0.7529,0.2902],"t":54},{"o":{"x":0.167,"y":0.167},"i":{"x":0.833,"y":0.833},"s":[0.3882,1,0.3961],"t":62},{"s":[0.8314,0.7922,0.9882],"t":70}],"ix":4},"r":1,"o":{"a":0,"k":100,"ix":5}},{"ty":"tr","a":{"a":0,"k":[0,0],"ix":1},"s":{"a":0,"k":[100,100],"ix":3},"sk":{"a":0,"k":0,"ix":4},"p":{"a":0,"k":[41.977,56.752],"ix":2},"r":{"a":0,"k":0,"ix":6},"sa":{"a":0,"k":0,"ix":5},"o":{"a":0,"k":100,"ix":7}}]},{"ty":"gr","bm":0,"hd":false,"mn":"ADBE Vector Group","nm":"Group 5","ix":5,"cix":2,"np":3,"it":[{"ty":"sh","bm":0,"hd":false,"mn":"ADBE Vector Shape - Group","nm":"Path 1","ix":1,"d":1,"ks":{"a":0,"k":{"c":true,"i":[[-1.55,-5.133],[7.914,-5.151],[-1.194,9.756],[-2.197,-7.039]],"o":[[-5.68,7.367],[1.505,-11.688],[0.894,-7.33],[1.413,4.513]],"v":[[10.964,1.058],[-10.964,20.505],[-6.852,-12.245],[6.496,-13.466]]},"ix":2}},{"ty":"st","bm":0,"hd":false,"mn":"ADBE Vector Graphic - Stroke","nm":"Stroke 1","lc":1,"lj":1,"ml":10,"o":{"a":0,"k":100,"ix":4},"w":{"a":0,"k":5,"ix":5},"c":{"a":0,"k":[0.2706,0.1216,0.0196],"ix":3}},{"ty":"fl","bm":0,"hd":false,"mn":"ADBE Vector Graphic - Fill","nm":"Fill 1","c":{"a":1,"k":[{"o":{"x":0.167,"y":0.167},"i":{"x":0.833,"y":0.833},"s":[0.3882,1,0.3961],"t":0},{"o":{"x":0.167,"y":0.167},"i":{"x":0.833,"y":0.833},"s":[0.8314,0.7922,0.9882],"t":9},{"o":{"x":0.167,"y":0.167},"i":{"x":0.833,"y":0.833},"s":[0.3451,0.5529,0.2902],"t":18},{"o":{"x":0.167,"y":0.167},"i":{"x":0.833,"y":0.833},"s":[1,0.7529,0.2902],"t":27},{"o":{"x":0.167,"y":0.167},"i":{"x":0.833,"y":0.833},"s":[0.3882,1,0.3961],"t":36},{"o":{"x":0.167,"y":0.167},"i":{"x":0.833,"y":0.833},"s":[0.8314,0.7922,0.9882],"t":45},{"o":{"x":0.167,"y":0.167},"i":{"x":0.833,"y":0.833},"s":[0.3451,0.5529,0.2902],"t":54},{"o":{"x":0.167,"y":0.167},"i":{"x":0.833,"y":0.833},"s":[1,0.7529,0.2902],"t":62},{"s":[0.3882,1,0.3961],"t":70}],"ix":4},"r":1,"o":{"a":0,"k":100,"ix":5}},{"ty":"tr","a":{"a":0,"k":[0,0],"ix":1},"s":{"a":0,"k":[100,100],"ix":3},"sk":{"a":0,"k":0,"ix":4},"p":{"a":0,"k":[40.285,33.005],"ix":2},"r":{"a":0,"k":0,"ix":6},"sa":{"a":0,"k":0,"ix":5},"o":{"a":0,"k":100,"ix":7}}]}],"ind":15},{"ty":4,"nm":"Wings","sr":1,"st":0,"op":90,"ip":0,"hd":false,"ddd":0,"bm":0,"hasMask":false,"ao":0,"ks":{"a":{"a":0,"k":[260.81,87.11,0],"ix":1},"s":{"a":0,"k":[100,100,100],"ix":6},"sk":{"a":0,"k":0},"p":{"a":0,"k":[254.19,314.178,0],"ix":2},"r":{"a":0,"k":0,"ix":10},"sa":{"a":0,"k":0},"o":{"a":0,"k":100,"ix":11}},"ef":[],"shapes":[{"ty":"gr","bm":0,"hd":false,"mn":"ADBE Vector Group","nm":"Left wing","ix":1,"cix":2,"np":3,"it":[{"ty":"sh","bm":0,"hd":false,"mn":"ADBE Vector Shape - Group","nm":"Path 1","ix":1,"d":1,"ks":{"a":1,"k":[{"o":{"x":0.333,"y":0},"i":{"x":0.833,"y":0.833},"s":[{"c":true,"i":[[0,0],[25.877,-8.872],[-6.188,16.185],[-8,25],[-5.621,14.051],[-19.437,-2.776],[0,0]],"o":[[-10.48,6.288],[-35,12],[-30,26],[-22,22],[8,-20],[42,6],[0,0]],"v":[[86.615,57.244],[19.007,36.244],[-16.993,13.244],[-48.993,-0.756],[-80.993,-9.756],[-21.993,-60.756],[62.615,10.244]]}],"t":0},{"o":{"x":0.167,"y":0.167},"i":{"x":0.833,"y":0.833},"s":[{"c":true,"i":[[0,0],[21.614,-25.126],[-9.741,23.596],[-7.031,29.641],[-1.25,14],[-30,4.25],[0,0]],"o":[[-10.48,6.288],[-20,23.25],[-19.75,21],[-20.25,23.25],[2.298,-25.725],[42.007,-5.951],[0,0]],"v":[[86.615,57.244],[27.507,50.994],[-8.712,36.714],[-43.638,23.517],[-75.993,22.744],[-24.993,-29.756],[60.615,13.744]]}],"t":4},{"o":{"x":0.167,"y":0.167},"i":{"x":0.833,"y":0.833},"s":[{"c":true,"i":[[0,0],[25.877,-8.872],[-6.188,16.185],[-8,25],[-5.621,14.051],[-19.437,-2.776],[0,0]],"o":[[-10.48,6.288],[-35,12],[-30,26],[-22,22],[8,-20],[42,6],[0,0]],"v":[[86.615,57.244],[19.007,36.244],[-16.993,13.244],[-48.993,-0.756],[-80.993,-9.756],[-21.993,-60.756],[62.615,10.244]]}],"t":9},{"o":{"x":0.167,"y":0.167},"i":{"x":0.833,"y":0.833},"s":[{"c":true,"i":[[0,0],[21.614,-25.126],[-9.741,23.596],[-7.031,29.641],[-1.25,14],[-30,4.25],[0,0]],"o":[[-10.48,6.288],[-20,23.25],[-19.75,21],[-20.25,23.25],[2.298,-25.725],[42.007,-5.951],[0,0]],"v":[[86.615,57.244],[27.507,50.994],[-8.712,36.714],[-43.638,23.517],[-75.993,22.744],[-24.993,-29.756],[60.615,13.744]]}],"t":13},{"o":{"x":0.167,"y":0.167},"i":{"x":0.833,"y":0.833},"s":[{"c":true,"i":[[0,0],[25.877,-8.872],[-6.188,16.185],[-8,25],[-5.621,14.051],[-19.437,-2.776],[0,0]],"o":[[-10.48,6.288],[-35,12],[-30,26],[-22,22],[8,-20],[42,6],[0,0]],"v":[[86.615,57.244],[19.007,36.244],[-16.993,13.244],[-48.993,-0.756],[-80.993,-9.756],[-21.993,-60.756],[62.615,10.244]]}],"t":18},{"o":{"x":0.167,"y":0.167},"i":{"x":0.833,"y":0.833},"s":[{"c":true,"i":[[0,0],[21.614,-25.126],[-9.741,23.596],[-7.031,29.641],[-1.25,14],[-30,4.25],[0,0]],"o":[[-10.48,6.288],[-20,23.25],[-19.75,21],[-20.25,23.25],[2.298,-25.725],[42.007,-5.951],[0,0]],"v":[[86.615,57.244],[27.507,50.994],[-8.712,36.714],[-43.638,23.517],[-75.993,22.744],[-24.993,-29.756],[60.615,13.744]]}],"t":22},{"o":{"x":0.167,"y":0.167},"i":{"x":0.833,"y":0.833},"s":[{"c":true,"i":[[0,0],[25.877,-8.872],[-6.188,16.185],[-8,25],[-5.621,14.051],[-19.437,-2.776],[0,0]],"o":[[-10.48,6.288],[-35,12],[-30,26],[-22,22],[8,-20],[42,6],[0,0]],"v":[[86.615,57.244],[19.007,36.244],[-16.993,13.244],[-48.993,-0.756],[-80.993,-9.756],[-21.993,-60.756],[62.615,10.244]]}],"t":27},{"o":{"x":0.167,"y":0.167},"i":{"x":0.833,"y":0.833},"s":[{"c":true,"i":[[0,0],[21.614,-25.126],[-9.741,23.596],[-7.031,29.641],[-1.25,14],[-30,4.25],[0,0]],"o":[[-10.48,6.288],[-20,23.25],[-19.75,21],[-20.25,23.25],[2.298,-25.725],[42.007,-5.951],[0,0]],"v":[[86.615,57.244],[27.507,50.994],[-8.712,36.714],[-43.638,23.517],[-75.993,22.744],[-24.993,-29.756],[60.615,13.744]]}],"t":31},{"o":{"x":0.167,"y":0.167},"i":{"x":0.667,"y":1},"s":[{"c":true,"i":[[0,0],[25.877,-8.872],[-6.188,16.185],[-8,25],[-5.621,14.051],[-19.437,-2.776],[0,0]],"o":[[-10.48,6.288],[-35,12],[-30,26],[-22,22],[8,-20],[42,6],[0,0]],"v":[[86.615,57.244],[19.007,36.244],[-16.993,13.244],[-48.993,-0.756],[-80.993,-9.756],[-21.993,-60.756],[62.615,10.244]]}],"t":36},{"o":{"x":0.333,"y":0},"i":{"x":0.667,"y":1},"s":[{"c":true,"i":[[0,0],[21.614,-25.126],[-9.741,23.596],[-7.031,29.641],[-1.25,14],[-30,4.25],[0,0]],"o":[[-10.48,6.288],[-20,23.25],[-19.75,21],[-20.25,23.25],[2.298,-25.725],[42.007,-5.951],[0,0]],"v":[[86.615,57.244],[27.507,50.994],[-8.712,36.714],[-43.638,23.517],[-75.993,22.744],[-24.993,-29.756],[60.615,13.744]]}],"t":45},{"s":[{"c":true,"i":[[0,0],[25.877,-8.872],[-6.188,16.185],[-8,25],[-5.621,14.051],[-19.437,-2.776],[0,0]],"o":[[-10.48,6.288],[-35,12],[-30,26],[-22,22],[8,-20],[42,6],[0,0]],"v":[[86.615,57.244],[19.007,36.244],[-16.993,13.244],[-48.993,-0.756],[-80.993,-9.756],[-21.993,-60.756],[62.615,10.244]]}],"t":70}],"ix":2}},{"ty":"st","bm":0,"hd":false,"mn":"ADBE Vector Graphic - Stroke","nm":"Stroke 1","lc":1,"lj":2,"ml":1,"o":{"a":0,"k":100,"ix":4},"w":{"a":0,"k":5,"ix":5},"c":{"a":0,"k":[0.1922,0.4,0.0471],"ix":3}},{"ty":"fl","bm":0,"hd":false,"mn":"ADBE Vector Graphic - Fill","nm":"Fill 1","c":{"a":0,"k":[0.3451,0.5529,0.2902],"ix":4},"r":1,"o":{"a":0,"k":100,"ix":5}},{"ty":"tr","a":{"a":0,"k":[0,0],"ix":1},"s":{"a":0,"k":[100,100],"ix":3},"sk":{"a":0,"k":0,"ix":4},"p":{"a":1,"k":[{"o":{"x":0.333,"y":0},"i":{"x":0.833,"y":0.833},"s":[99.115,98.189],"t":0,"ti":[0,0],"to":[-1.417,3.667]},{"o":{"x":0.167,"y":0.167},"i":{"x":0.833,"y":0.833},"s":[90.615,120.189],"t":4,"ti":[0,0],"to":[0,0]},{"o":{"x":0.167,"y":0.167},"i":{"x":0.833,"y":0.833},"s":[99.115,98.189],"t":9,"ti":[0,0],"to":[0,0]},{"o":{"x":0.167,"y":0.167},"i":{"x":0.833,"y":0.833},"s":[90.615,120.189],"t":13,"ti":[0,0],"to":[0,0]},{"o":{"x":0.167,"y":0.167},"i":{"x":0.833,"y":0.833},"s":[99.115,98.189],"t":18,"ti":[0,0],"to":[0,0]},{"o":{"x":0.167,"y":0.167},"i":{"x":0.833,"y":0.833},"s":[90.615,120.189],"t":22,"ti":[0,0],"to":[0,0]},{"o":{"x":0.167,"y":0.167},"i":{"x":0.833,"y":0.833},"s":[99.115,98.189],"t":27,"ti":[0,0],"to":[0,0]},{"o":{"x":0.167,"y":0.167},"i":{"x":0.833,"y":0.833},"s":[90.615,120.189],"t":31,"ti":[0,0],"to":[0,0]},{"o":{"x":0.167,"y":0.167},"i":{"x":0.667,"y":1},"s":[99.115,98.189],"t":36,"ti":[0,0],"to":[0,0]},{"o":{"x":0.333,"y":0},"i":{"x":0.667,"y":1},"s":[90.615,120.189],"t":45,"ti":[-1.417,3.667],"to":[0,0]},{"s":[99.115,98.189],"t":70}],"ix":2},"r":{"a":1,"k":[{"o":{"x":0.333,"y":0},"i":{"x":0.833,"y":0.833},"s":[0],"t":0},{"o":{"x":0.167,"y":0.167},"i":{"x":0.833,"y":0.833},"s":[-24.764],"t":4},{"o":{"x":0.167,"y":0.167},"i":{"x":0.833,"y":0.833},"s":[0],"t":9},{"o":{"x":0.167,"y":0.167},"i":{"x":0.833,"y":0.833},"s":[-24.764],"t":13},{"o":{"x":0.167,"y":0.167},"i":{"x":0.833,"y":0.833},"s":[0],"t":18},{"o":{"x":0.167,"y":0.167},"i":{"x":0.833,"y":0.833},"s":[-24.764],"t":22},{"o":{"x":0.167,"y":0.167},"i":{"x":0.833,"y":0.833},"s":[0],"t":27},{"o":{"x":0.167,"y":0.167},"i":{"x":0.833,"y":0.833},"s":[-24.764],"t":31},{"o":{"x":0.167,"y":0.167},"i":{"x":0.667,"y":1},"s":[0],"t":36},{"o":{"x":0.333,"y":0},"i":{"x":0.667,"y":1},"s":[-24.764],"t":45},{"s":[0],"t":70}],"ix":6},"sa":{"a":0,"k":0,"ix":5},"o":{"a":0,"k":100,"ix":7}}]},{"ty":"gr","bm":0,"hd":false,"mn":"ADBE Vector Group","nm":"Right wing","ix":2,"cix":2,"np":3,"it":[{"ty":"sh","bm":0,"hd":false,"mn":"ADBE Vector Shape - Group","nm":"Path 1","ix":1,"d":1,"ks":{"a":1,"k":[{"o":{"x":0.333,"y":0},"i":{"x":0.833,"y":0.833},"s":[{"c":true,"i":[[0,0],[-11.586,0.034],[-10.392,-3.464],[3,25],[8,29],[-2,15],[35,7],[0,0]],"o":[[4.247,2.548],[16.61,-0.049],[27,9],[18,30],[16,21],[2,-15],[-39.662,-7.933],[0,0]],"v":[[-92,51.966],[-69,59.966],[-19,55.966],[15,23.966],[53,8.966],[90,4.966],[56,-57.034],[-40,15.966]]}],"t":0},{"o":{"x":0.167,"y":0.167},"i":{"x":0.833,"y":0.833},"s":[{"c":true,"i":[[0,0],[-11.586,0.034],[-5.76,-9.318],[8,36.5],[7.5,38.5],[-1,22.5],[31,7.5],[0,0]],"o":[[4.247,2.548],[16.61,-0.049],[17,27.5],[11.5,32.5],[14,22.5],[0.672,-15.118],[-39.313,-9.511],[0,0]],"v":[[-92,51.967],[-69,59.967],[-31.5,78.966],[8,55.967],[48,44.967],[85,40.966],[52,-12.034],[-40,15.966]]}],"t":4},{"o":{"x":0.167,"y":0.167},"i":{"x":0.833,"y":0.833},"s":[{"c":true,"i":[[0,0],[-11.586,0.034],[-10.392,-3.464],[3,25],[8,29],[-2,15],[35,7],[0,0]],"o":[[4.247,2.548],[16.61,-0.049],[27,9],[18,30],[16,21],[2,-15],[-39.662,-7.933],[0,0]],"v":[[-92,51.966],[-69,59.966],[-19,55.966],[15,23.966],[53,8.966],[90,4.966],[56,-57.034],[-40,15.966]]}],"t":9},{"o":{"x":0.167,"y":0.167},"i":{"x":0.833,"y":0.833},"s":[{"c":true,"i":[[0,0],[-11.586,0.034],[-5.76,-9.318],[8,36.5],[7.5,38.5],[-1,22.5],[31,7.5],[0,0]],"o":[[4.247,2.548],[16.61,-0.049],[17,27.5],[11.5,32.5],[14,22.5],[0.672,-15.118],[-39.313,-9.511],[0,0]],"v":[[-92,51.967],[-69,59.967],[-31.5,78.966],[8,55.967],[48,44.967],[85,40.966],[52,-12.034],[-40,15.966]]}],"t":13},{"o":{"x":0.167,"y":0.167},"i":{"x":0.833,"y":0.833},"s":[{"c":true,"i":[[0,0],[-11.586,0.034],[-10.392,-3.464],[3,25],[8,29],[-2,15],[35,7],[0,0]],"o":[[4.247,2.548],[16.61,-0.049],[27,9],[18,30],[16,21],[2,-15],[-39.662,-7.933],[0,0]],"v":[[-92,51.966],[-69,59.966],[-19,55.966],[15,23.966],[53,8.966],[90,4.966],[56,-57.034],[-40,15.966]]}],"t":18},{"o":{"x":0.167,"y":0.167},"i":{"x":0.833,"y":0.833},"s":[{"c":true,"i":[[0,0],[-11.586,0.034],[-5.76,-9.318],[8,36.5],[7.5,38.5],[-1,22.5],[31,7.5],[0,0]],"o":[[4.247,2.548],[16.61,-0.049],[17,27.5],[11.5,32.5],[14,22.5],[0.672,-15.118],[-39.313,-9.511],[0,0]],"v":[[-92,51.967],[-69,59.967],[-31.5,78.966],[8,55.967],[48,44.967],[85,40.966],[52,-12.034],[-40,15.966]]}],"t":22},{"o":{"x":0.167,"y":0.167},"i":{"x":0.833,"y":0.833},"s":[{"c":true,"i":[[0,0],[-11.586,0.034],[-10.392,-3.464],[3,25],[8,29],[-2,15],[35,7],[0,0]],"o":[[4.247,2.548],[16.61,-0.049],[27,9],[18,30],[16,21],[2,-15],[-39.662,-7.933],[0,0]],"v":[[-92,51.966],[-69,59.966],[-19,55.966],[15,23.966],[53,8.966],[90,4.966],[56,-57.034],[-40,15.966]]}],"t":27},{"o":{"x":0.167,"y":0.167},"i":{"x":0.833,"y":0.833},"s":[{"c":true,"i":[[0,0],[-11.586,0.034],[-5.76,-9.318],[8,36.5],[7.5,38.5],[-1,22.5],[31,7.5],[0,0]],"o":[[4.247,2.548],[16.61,-0.049],[17,27.5],[11.5,32.5],[14,22.5],[0.672,-15.118],[-39.313,-9.511],[0,0]],"v":[[-92,51.967],[-69,59.967],[-31.5,78.966],[8,55.967],[48,44.967],[85,40.966],[52,-12.034],[-40,15.966]]}],"t":31},{"o":{"x":0.167,"y":0.167},"i":{"x":0.667,"y":1},"s":[{"c":true,"i":[[0,0],[-11.586,0.034],[-10.392,-3.464],[3,25],[8,29],[-2,15],[35,7],[0,0]],"o":[[4.247,2.548],[16.61,-0.049],[27,9],[18,30],[16,21],[2,-15],[-39.662,-7.933],[0,0]],"v":[[-92,51.966],[-69,59.966],[-19,55.966],[15,23.966],[53,8.966],[90,4.966],[56,-57.034],[-40,15.966]]}],"t":36},{"o":{"x":0.333,"y":0},"i":{"x":0.667,"y":1},"s":[{"c":true,"i":[[0,0],[-11.586,0.034],[-5.76,-9.318],[8,36.5],[7.5,38.5],[-1,22.5],[31,7.5],[0,0]],"o":[[4.247,2.548],[16.61,-0.049],[17,27.5],[11.5,32.5],[14,22.5],[0.672,-15.118],[-39.313,-9.511],[0,0]],"v":[[-92,51.967],[-69,59.967],[-31.5,78.966],[8,55.967],[48,44.967],[85,40.966],[52,-12.034],[-40,15.966]]}],"t":45},{"s":[{"c":true,"i":[[0,0],[-11.586,0.034],[-10.392,-3.464],[3,25],[8,29],[-2,15],[35,7],[0,0]],"o":[[4.247,2.548],[16.61,-0.049],[27,9],[18,30],[16,21],[2,-15],[-39.662,-7.933],[0,0]],"v":[[-92,51.966],[-69,59.966],[-19,55.966],[15,23.966],[53,8.966],[90,4.966],[56,-57.034],[-40,15.966]]}],"t":70}],"ix":2}},{"ty":"st","bm":0,"hd":false,"mn":"ADBE Vector Graphic - Stroke","nm":"Stroke 1","lc":1,"lj":2,"ml":1,"o":{"a":0,"k":100,"ix":4},"w":{"a":0,"k":5,"ix":5},"c":{"a":0,"k":[0.1922,0.4,0.0471],"ix":3}},{"ty":"fl","bm":0,"hd":false,"mn":"ADBE Vector Graphic - Fill","nm":"Fill 1","c":{"a":0,"k":[0.3451,0.5529,0.2902],"ix":4},"r":1,"o":{"a":0,"k":100,"ix":5}},{"ty":"tr","a":{"a":0,"k":[0,0],"ix":1},"s":{"a":0,"k":[100,100],"ix":3},"sk":{"a":0,"k":0,"ix":4},"p":{"a":1,"k":[{"o":{"x":0.333,"y":0},"i":{"x":0.833,"y":0.833},"s":[417.121,77.467],"t":0,"ti":[0,0],"to":[2.833,5]},{"o":{"x":0.167,"y":0.167},"i":{"x":0.833,"y":0.833},"s":[434.121,107.467],"t":4,"ti":[0,0],"to":[0,0]},{"o":{"x":0.167,"y":0.167},"i":{"x":0.833,"y":0.833},"s":[417.121,77.467],"t":9,"ti":[0,0],"to":[0,0]},{"o":{"x":0.167,"y":0.167},"i":{"x":0.833,"y":0.833},"s":[434.121,107.467],"t":13,"ti":[0,0],"to":[0,0]},{"o":{"x":0.167,"y":0.167},"i":{"x":0.833,"y":0.833},"s":[417.121,77.467],"t":18,"ti":[0,0],"to":[0,0]},{"o":{"x":0.167,"y":0.167},"i":{"x":0.833,"y":0.833},"s":[434.121,107.467],"t":22,"ti":[0,0],"to":[0,0]},{"o":{"x":0.167,"y":0.167},"i":{"x":0.833,"y":0.833},"s":[417.121,77.467],"t":27,"ti":[0,0],"to":[0,0]},{"o":{"x":0.167,"y":0.167},"i":{"x":0.833,"y":0.833},"s":[434.121,107.467],"t":31,"ti":[0,0],"to":[0,0]},{"o":{"x":0.167,"y":0.167},"i":{"x":0.667,"y":1},"s":[417.121,77.467],"t":36,"ti":[0,0],"to":[0,0]},{"o":{"x":0.333,"y":0},"i":{"x":0.667,"y":1},"s":[434.121,107.467],"t":45,"ti":[2.833,5],"to":[0,0]},{"s":[417.121,77.467],"t":70}],"ix":2},"r":{"a":1,"k":[{"o":{"x":0.333,"y":0},"i":{"x":0.833,"y":0.833},"s":[0],"t":0},{"o":{"x":0.167,"y":0.167},"i":{"x":0.833,"y":0.833},"s":[23.931],"t":4},{"o":{"x":0.167,"y":0.167},"i":{"x":0.833,"y":0.833},"s":[0],"t":9},{"o":{"x":0.167,"y":0.167},"i":{"x":0.833,"y":0.833},"s":[23.931],"t":13},{"o":{"x":0.167,"y":0.167},"i":{"x":0.833,"y":0.833},"s":[0],"t":18},{"o":{"x":0.167,"y":0.167},"i":{"x":0.833,"y":0.833},"s":[23.931],"t":22},{"o":{"x":0.167,"y":0.167},"i":{"x":0.833,"y":0.833},"s":[0],"t":27},{"o":{"x":0.167,"y":0.167},"i":{"x":0.833,"y":0.833},"s":[23.931],"t":31},{"o":{"x":0.167,"y":0.167},"i":{"x":0.667,"y":1},"s":[0],"t":36},{"o":{"x":0.333,"y":0},"i":{"x":0.667,"y":1},"s":[23.931],"t":45},{"s":[0],"t":70}],"ix":6},"sa":{"a":0,"k":0,"ix":5},"o":{"a":0,"k":100,"ix":7}}]}],"ind":16}],"v":"5.4.4","fr":30,"op":70,"ip":0,"assets":[]}